{"cameraMode":{"drawMode":0,"name":"Shaded","section":"Shading Mode"},"sceneLighting":false,"audioPlay":false,"sceneViewState":{"showFog":true,"showMaterialUpdate":true,"showSkybox":false,"showFlares":true,"showImageEffects":true,"showParticleSystems":true},"in2DMode":false,"pivot":{"x":0.008920755237340927,"y":0.00648527592420578,"z":4.656612873077393e-10},"rotation":{"x":-0.09983978420495987,"y":-0.7841054201126099,"z":0.13081078231334687,"w":-0.5984264016151428},"size":0.02487175166606903,"orthographic":false}