{"cameraMode":{"drawMode":0,"name":"Shaded","section":"Shading Mode"},"sceneLighting":true,"audioPlay":false,"sceneViewState":{"showFog":true,"showMaterialUpdate":true,"showSkybox":true,"showFlares":true,"showImageEffects":true,"showParticleSystems":true},"in2DMode":false,"pivot":{"x":-0.1288500726222992,"y":0.04944974184036255,"z":-0.015309900045394898},"rotation":{"x":-0.42644017934799197,"y":0.19956780970096589,"z":-0.09649855643510819,"w":-0.877181351184845},"size":0.44243043661117556,"orthographic":false}